begin;

-- Extends the Grand Horizon Paris base seed from 001.
-- Resulting totals after 001 + this file:
-- - Staff directory: 6 Front Office, 8 Housekeeping, 4 Engineering
-- - Maintenance tickets: 12 total
-- - Reviews: 10 total
-- - Operation items: 25 active items
-- "Blocked" situations are represented in notes while keeping operation item
-- status aligned with the current enum: open / in_progress / done.

insert into public.staff_roles (id, organization_id, name, department, description)
values
  (
    '10000000-0000-4000-8000-000000000304',
    '10000000-0000-4000-8000-000000000001',
    'Reception Agent',
    'Front Office',
    'Owns check-in, guest requests and same-day room communication.'
  ),
  (
    '10000000-0000-4000-8000-000000000305',
    '10000000-0000-4000-8000-000000000001',
    'Night Auditor',
    'Front Office',
    'Maintains overnight continuity and captures unresolved issues for the morning shift.'
  ),
  (
    '10000000-0000-4000-8000-000000000306',
    '10000000-0000-4000-8000-000000000001',
    'Room Attendant',
    'Housekeeping',
    'Executes room resets, stayover service and quality recovery tasks.'
  ),
  (
    '10000000-0000-4000-8000-000000000307',
    '10000000-0000-4000-8000-000000000001',
    'Laundry Coordinator',
    'Housekeeping',
    'Owns linen flow, vendor follow-up and stock protection during occupancy peaks.'
  ),
  (
    '10000000-0000-4000-8000-000000000308',
    '10000000-0000-4000-8000-000000000001',
    'Maintenance Technician',
    'Engineering',
    'Handles room interventions, diagnostics and escalation prep for external vendors.'
  ),
  (
    '10000000-0000-4000-8000-000000000309',
    '10000000-0000-4000-8000-000000000001',
    'Public Area Attendant',
    'Housekeeping',
    'Protects common-area readiness during busy turnover windows.'
  )
on conflict do nothing;

insert into public.staff_directory (
  id,
  organization_id,
  team_id,
  staff_role_id,
  first_name,
  last_name,
  work_email,
  phone,
  employment_status,
  hire_date,
  is_emergency_responder
)
values
  (
    '10000000-0000-4000-8000-000000000404',
    '10000000-0000-4000-8000-000000000001',
    '10000000-0000-4000-8000-000000000201',
    '10000000-0000-4000-8000-000000000304',
    'Lucas',
    'Moreau',
    'lucas.moreau@grandhorizon.test',
    '+33 6 10 21 31 41',
    'active',
    '2024-02-12',
    false
  ),
  (
    '10000000-0000-4000-8000-000000000405',
    '10000000-0000-4000-8000-000000000001',
    '10000000-0000-4000-8000-000000000201',
    '10000000-0000-4000-8000-000000000304',
    'Ines',
    'Laurent',
    'ines.laurent@grandhorizon.test',
    '+33 6 10 21 31 42',
    'active',
    '2023-11-06',
    false
  ),
  (
    '10000000-0000-4000-8000-000000000406',
    '10000000-0000-4000-8000-000000000001',
    '10000000-0000-4000-8000-000000000201',
    '10000000-0000-4000-8000-000000000304',
    'Thomas',
    'Petit',
    'thomas.petit@grandhorizon.test',
    '+33 6 10 21 31 43',
    'active',
    '2022-07-18',
    false
  ),
  (
    '10000000-0000-4000-8000-000000000407',
    '10000000-0000-4000-8000-000000000001',
    '10000000-0000-4000-8000-000000000201',
    '10000000-0000-4000-8000-000000000305',
    'Nora',
    'Meunier',
    'nora.meunier@grandhorizon.test',
    '+33 6 10 21 31 44',
    'active',
    '2021-04-04',
    true
  ),
  (
    '10000000-0000-4000-8000-000000000408',
    '10000000-0000-4000-8000-000000000001',
    '10000000-0000-4000-8000-000000000201',
    '10000000-0000-4000-8000-000000000304',
    'Camille',
    'Garcia',
    'camille.garcia@grandhorizon.test',
    '+33 6 10 21 31 45',
    'active',
    '2024-06-10',
    false
  ),
  (
    '10000000-0000-4000-8000-000000000409',
    '10000000-0000-4000-8000-000000000001',
    '10000000-0000-4000-8000-000000000202',
    '10000000-0000-4000-8000-000000000306',
    'Lea',
    'Rousseau',
    'lea.rousseau@grandhorizon.test',
    '+33 6 10 21 31 46',
    'active',
    '2023-08-21',
    false
  ),
  (
    '10000000-0000-4000-8000-000000000410',
    '10000000-0000-4000-8000-000000000001',
    '10000000-0000-4000-8000-000000000202',
    '10000000-0000-4000-8000-000000000306',
    'Manon',
    'Lefevre',
    'manon.lefevre@grandhorizon.test',
    '+33 6 10 21 31 47',
    'active',
    '2022-12-05',
    false
  ),
  (
    '10000000-0000-4000-8000-000000000411',
    '10000000-0000-4000-8000-000000000001',
    '10000000-0000-4000-8000-000000000202',
    '10000000-0000-4000-8000-000000000306',
    'Emilie',
    'Carpentier',
    'emilie.carpentier@grandhorizon.test',
    '+33 6 10 21 31 48',
    'active',
    '2021-10-17',
    false
  ),
  (
    '10000000-0000-4000-8000-000000000412',
    '10000000-0000-4000-8000-000000000001',
    '10000000-0000-4000-8000-000000000202',
    '10000000-0000-4000-8000-000000000306',
    'Sarah',
    'Robin',
    'sarah.robin@grandhorizon.test',
    '+33 6 10 21 31 49',
    'active',
    '2024-01-08',
    false
  ),
  (
    '10000000-0000-4000-8000-000000000413',
    '10000000-0000-4000-8000-000000000001',
    '10000000-0000-4000-8000-000000000202',
    '10000000-0000-4000-8000-000000000306',
    'Nadia',
    'Benali',
    'nadia.benali@grandhorizon.test',
    '+33 6 10 21 31 50',
    'active',
    '2024-03-25',
    false
  ),
  (
    '10000000-0000-4000-8000-000000000414',
    '10000000-0000-4000-8000-000000000001',
    '10000000-0000-4000-8000-000000000202',
    '10000000-0000-4000-8000-000000000307',
    'Chloe',
    'Marchal',
    'chloe.marchal@grandhorizon.test',
    '+33 6 10 21 31 51',
    'active',
    '2022-05-30',
    false
  ),
  (
    '10000000-0000-4000-8000-000000000415',
    '10000000-0000-4000-8000-000000000001',
    '10000000-0000-4000-8000-000000000202',
    '10000000-0000-4000-8000-000000000309',
    'Alice',
    'Fournier',
    'alice.fournier@grandhorizon.test',
    '+33 6 10 21 31 52',
    'active',
    '2023-02-13',
    false
  ),
  (
    '10000000-0000-4000-8000-000000000416',
    '10000000-0000-4000-8000-000000000001',
    '10000000-0000-4000-8000-000000000203',
    '10000000-0000-4000-8000-000000000308',
    'Julien',
    'Rey',
    'julien.rey@grandhorizon.test',
    '+33 6 10 21 31 53',
    'active',
    '2022-09-19',
    true
  ),
  (
    '10000000-0000-4000-8000-000000000417',
    '10000000-0000-4000-8000-000000000001',
    '10000000-0000-4000-8000-000000000203',
    '10000000-0000-4000-8000-000000000308',
    'Karim',
    'Haddad',
    'karim.haddad@grandhorizon.test',
    '+33 6 10 21 31 54',
    'active',
    '2021-06-07',
    true
  ),
  (
    '10000000-0000-4000-8000-000000000418',
    '10000000-0000-4000-8000-000000000001',
    '10000000-0000-4000-8000-000000000203',
    '10000000-0000-4000-8000-000000000308',
    'Antoine',
    'Mercier',
    'antoine.mercier@grandhorizon.test',
    '+33 6 10 21 31 55',
    'active',
    '2024-04-15',
    true
  )
on conflict do nothing;

insert into public.maintenance_tickets (
  id,
  organization_id,
  team_id,
  vendor_id,
  service_contact_id,
  assigned_staff_id,
  title,
  description,
  location,
  status,
  priority,
  reported_at,
  due_at,
  resolved_at
)
values
  (
    '10000000-0000-4000-8000-000000001003',
    '10000000-0000-4000-8000-000000000001',
    '10000000-0000-4000-8000-000000000203',
    '10000000-0000-4000-8000-000000000502',
    '10000000-0000-4000-8000-000000000602',
    '10000000-0000-4000-8000-000000000416',
    'Booster pump pressure drop impacting rooms 317 and 319',
    'Guests reported weak shower pressure during the departure peak. Engineering isolated the issue to the domestic water booster set and started live checks before check-out pressure rises again.',
    'Basement plant room / rooms 317 and 319',
    'in_progress',
    'high',
    '2026-04-10 05:40:00+02',
    '2026-04-10 09:30:00+02',
    null
  ),
  (
    '10000000-0000-4000-8000-000000001004',
    '10000000-0000-4000-8000-000000000001',
    '10000000-0000-4000-8000-000000000203',
    null,
    null,
    '10000000-0000-4000-8000-000000000402',
    'Elevator A intermittent stops between floors',
    'The lift stopped twice during the morning rush and is now running under restriction pending external vendor attendance. Front Office is redirecting guests through the secondary core.',
    'Lift A / floors 1 to 6',
    'open',
    'high',
    '2026-04-10 06:10:00+02',
    '2026-04-10 10:30:00+02',
    null
  ),
  (
    '10000000-0000-4000-8000-000000001005',
    '10000000-0000-4000-8000-000000000001',
    '10000000-0000-4000-8000-000000000201',
    null,
    null,
    '10000000-0000-4000-8000-000000000417',
    'Reception badge encoder failing during morning check-ins',
    'Card encoding intermittently fails on the front desk workstation, creating a queue and forcing manual retries while arrivals begin to build.',
    'Front desk',
    'in_progress',
    'medium',
    '2026-04-10 06:35:00+02',
    '2026-04-10 08:30:00+02',
    null
  ),
  (
    '10000000-0000-4000-8000-000000001006',
    '10000000-0000-4000-8000-000000000001',
    '10000000-0000-4000-8000-000000000202',
    '10000000-0000-4000-8000-000000000501',
    '10000000-0000-4000-8000-000000000601',
    '10000000-0000-4000-8000-000000000403',
    'Linen shortfall delaying six arrivals on floors 5 and 6',
    'Occupancy is above 85 percent and the overnight linen return was incomplete. Housekeeping can release rooms only once emergency top-up stock lands on property.',
    'Floors 5 and 6',
    'open',
    'medium',
    '2026-04-10 06:50:00+02',
    '2026-04-10 11:00:00+02',
    null
  ),
  (
    '10000000-0000-4000-8000-000000001007',
    '10000000-0000-4000-8000-000000000001',
    '10000000-0000-4000-8000-000000000203',
    '10000000-0000-4000-8000-000000000502',
    '10000000-0000-4000-8000-000000000602',
    '10000000-0000-4000-8000-000000000418',
    'Hot water fluctuation reported in room 508',
    'The guest reported alternating hot and cold water during peak demand. Engineering suspects balancing instability on the riser feeding the upper floors.',
    'Room 508',
    'open',
    'high',
    '2026-04-10 07:05:00+02',
    '2026-04-10 09:00:00+02',
    null
  ),
  (
    '10000000-0000-4000-8000-000000001008',
    '10000000-0000-4000-8000-000000000001',
    '10000000-0000-4000-8000-000000000202',
    null,
    null,
    '10000000-0000-4000-8000-000000000414',
    'Laundry washer 2 offline during departure load',
    'The secondary washer stopped mid-cycle, reducing linen turnover capacity while departure volume is still high.',
    'Back-of-house laundry',
    'in_progress',
    'low',
    '2026-04-09 16:20:00+02',
    '2026-04-10 12:00:00+02',
    null
  ),
  (
    '10000000-0000-4000-8000-000000001009',
    '10000000-0000-4000-8000-000000000001',
    '10000000-0000-4000-8000-000000000202',
    null,
    null,
    '10000000-0000-4000-8000-000000000415',
    'Oil stain and odor on third-floor corridor carpet',
    'A suitcase wheel left a visible oil trace in the guest corridor. The zone needs treatment before evening arrivals circulate on the floor.',
    'Floor 3 corridor',
    'open',
    'low',
    '2026-04-09 18:10:00+02',
    '2026-04-10 15:00:00+02',
    null
  ),
  (
    '10000000-0000-4000-8000-000000001010',
    '10000000-0000-4000-8000-000000000001',
    '10000000-0000-4000-8000-000000000203',
    null,
    null,
    '10000000-0000-4000-8000-000000000416',
    'Fire door closer not self-closing on floor 2 service corridor',
    'The closer is no longer pulling the door fully shut. Engineering isolated the issue overnight and is waiting on replacement hardware.',
    'Floor 2 service corridor',
    'open',
    'medium',
    '2026-04-09 21:15:00+02',
    '2026-04-10 13:00:00+02',
    null
  ),
  (
    '10000000-0000-4000-8000-000000001011',
    '10000000-0000-4000-8000-000000000001',
    '10000000-0000-4000-8000-000000000202',
    null,
    null,
    '10000000-0000-4000-8000-000000000409',
    'Residual odor reported in room 329 after leak cleanup',
    'The room passed visual inspection but a returning guest reported a damp odor overnight. Housekeeping reopened the room for treatment and ventilation.',
    'Room 329',
    'open',
    'medium',
    '2026-04-10 00:45:00+02',
    '2026-04-10 10:00:00+02',
    null
  ),
  (
    '10000000-0000-4000-8000-000000001012',
    '10000000-0000-4000-8000-000000000001',
    '10000000-0000-4000-8000-000000000203',
    null,
    null,
    '10000000-0000-4000-8000-000000000417',
    'Blackout curtain rail detached in room 118',
    'The rail partially detached after guest use. The room remains sellable only if repaired before the next afternoon arrival.',
    'Room 118',
    'open',
    'low',
    '2026-04-10 07:20:00+02',
    '2026-04-10 14:00:00+02',
    null
  )
on conflict do nothing;

insert into public.operation_items (
  id,
  organization_id,
  created_by_profile_id,
  type,
  title,
  status,
  priority,
  location,
  notes,
  created_at,
  updated_at
)
values
  (
    '10000000-0000-4000-8000-000000002001',
    '10000000-0000-4000-8000-000000000001',
    null,
    'task',
    'Front Office reassign arrivals from rooms 317 and 508',
    'in_progress',
    'high',
    'Reception',
    '85 percent occupancy. Blocked until Engineering confirms water pressure and hot water stability.',
    '2026-04-10 07:50:00+02',
    '2026-04-10 07:55:00+02'
  ),
  (
    '10000000-0000-4000-8000-000000002002',
    '10000000-0000-4000-8000-000000000001',
    null,
    'intervention',
    'Engineering inspect booster pump after water pressure drop in rooms 317 and 319',
    'in_progress',
    'high',
    'Basement plant room',
    'Linked to ticket 1003. Two occupied studios escalated before the departure rush.',
    '2026-04-10 07:42:00+02',
    '2026-04-10 07:46:00+02'
  ),
  (
    '10000000-0000-4000-8000-000000002003',
    '10000000-0000-4000-8000-000000000001',
    null,
    'task',
    'Housekeeping fast-track linen redistribution for floors 5 and 6',
    'in_progress',
    'high',
    'Floors 5 and 6',
    'Linked to tickets 1002 and 1006. Blocked by late vendor return.',
    '2026-04-10 07:34:00+02',
    '2026-04-10 07:37:00+02'
  ),
  (
    '10000000-0000-4000-8000-000000002004',
    '10000000-0000-4000-8000-000000000001',
    null,
    'order',
    'Housekeeping request emergency linen top-up from AquaPure',
    'open',
    'medium',
    'Laundry room',
    'Vendor can deliver after 11:00 only; blocked until dispatch confirms route.',
    '2026-04-10 07:28:00+02',
    '2026-04-10 07:28:00+02'
  ),
  (
    '10000000-0000-4000-8000-000000002005',
    '10000000-0000-4000-8000-000000000001',
    null,
    'ticket',
    'Engineering secure Elevator A and await vendor ETA',
    'open',
    'high',
    'Lift A',
    'Linked to ticket 1004. Blocked by external technician availability before 10:30.',
    '2026-04-10 07:21:00+02',
    '2026-04-10 07:21:00+02'
  ),
  (
    '10000000-0000-4000-8000-000000002006',
    '10000000-0000-4000-8000-000000000001',
    null,
    'task',
    'Front Office call guests assigned to rooms 317 and 319 with water update',
    'open',
    'high',
    'Reception',
    'Pre-arrival recovery to reduce same-day review risk after overnight complaints.',
    '2026-04-10 07:14:00+02',
    '2026-04-10 07:14:00+02'
  ),
  (
    '10000000-0000-4000-8000-000000002007',
    '10000000-0000-4000-8000-000000000001',
    null,
    'task',
    'Front Office pre-authorize recovery gesture for room 214 after AC incident',
    'in_progress',
    'medium',
    'Reception',
    'Linked to existing review BK-2026-00041 and resolved ticket 1001.',
    '2026-04-10 07:06:00+02',
    '2026-04-10 07:09:00+02'
  ),
  (
    '10000000-0000-4000-8000-000000002008',
    '10000000-0000-4000-8000-000000000001',
    null,
    'intervention',
    'Engineering replace badge encoder ribbon at reception desk',
    'in_progress',
    'medium',
    'Reception back office',
    'Linked to ticket 1005. Check-in flow slowed during peak departures.',
    '2026-04-10 06:58:00+02',
    '2026-04-10 07:03:00+02'
  ),
  (
    '10000000-0000-4000-8000-000000002009',
    '10000000-0000-4000-8000-000000000001',
    null,
    'task',
    'Housekeeping hold six clean rooms pending linen delivery',
    'open',
    'high',
    '5th floor pantry',
    'Rooms are ready except linen packs; blocked until AquaPure drop.',
    '2026-04-10 06:50:00+02',
    '2026-04-10 06:50:00+02'
  ),
  (
    '10000000-0000-4000-8000-000000002010',
    '10000000-0000-4000-8000-000000000001',
    null,
    'intervention',
    'Engineering test hot water stability in room 508 after peak usage',
    'open',
    'high',
    'Room 508',
    'Linked to ticket 1007. Guest reported temperature swings at 06:40.',
    '2026-04-10 06:43:00+02',
    '2026-04-10 06:43:00+02'
  ),
  (
    '10000000-0000-4000-8000-000000002011',
    '10000000-0000-4000-8000-000000000001',
    null,
    'task',
    'Housekeeping deep clean room 329 after odor complaint',
    'in_progress',
    'medium',
    'Room 329',
    'Linked to ticket 1011 and overnight guest feedback.',
    '2026-04-10 06:30:00+02',
    '2026-04-10 06:42:00+02'
  ),
  (
    '10000000-0000-4000-8000-000000002012',
    '10000000-0000-4000-8000-000000000001',
    null,
    'task',
    'Front Office monitor review-response queue for same-day recovery cases',
    'open',
    'medium',
    'Reception',
    'Three guest comments linked to AC, linen and elevator delays require same-day follow-up.',
    '2026-04-10 06:18:00+02',
    '2026-04-10 06:18:00+02'
  ),
  (
    '10000000-0000-4000-8000-000000002013',
    '10000000-0000-4000-8000-000000000001',
    null,
    'order',
    'Engineering source temporary door closer for floor 2 service corridor',
    'open',
    'low',
    'Floor 2 service corridor',
    'Linked to ticket 1010. Supplier delivery remains blocked until warehouse opening.',
    '2026-04-10 05:55:00+02',
    '2026-04-10 05:55:00+02'
  ),
  (
    '10000000-0000-4000-8000-000000002014',
    '10000000-0000-4000-8000-000000000001',
    null,
    'intervention',
    'Engineering inspect curtain rail fix in room 118',
    'open',
    'low',
    'Room 118',
    'Linked to ticket 1012 before the next arrival at 14:00.',
    '2026-04-10 05:40:00+02',
    '2026-04-10 05:40:00+02'
  ),
  (
    '10000000-0000-4000-8000-000000002015',
    '10000000-0000-4000-8000-000000000001',
    null,
    'task',
    'Housekeeping recover corridor stain on floor 3 before evening arrivals',
    'in_progress',
    'low',
    'Floor 3 corridor',
    'Linked to ticket 1009.',
    '2026-04-10 05:22:00+02',
    '2026-04-10 05:36:00+02'
  ),
  (
    '10000000-0000-4000-8000-000000002016',
    '10000000-0000-4000-8000-000000000001',
    null,
    'task',
    'Front Office resequence early check-ins after two rooms remain out of order',
    'in_progress',
    'high',
    'Reception',
    'Rooms 317 and 508 remain unavailable for early arrivals.',
    '2026-04-10 04:48:00+02',
    '2026-04-10 05:05:00+02'
  ),
  (
    '10000000-0000-4000-8000-000000002017',
    '10000000-0000-4000-8000-000000000001',
    null,
    'intervention',
    'Engineering restart laundry washer 2 and assess spare part need',
    'in_progress',
    'medium',
    'Back-of-house laundry',
    'Linked to ticket 1008. Housekeeping remains blocked on full departure volume.',
    '2026-04-10 04:10:00+02',
    '2026-04-10 04:20:00+02'
  ),
  (
    '10000000-0000-4000-8000-000000002018',
    '10000000-0000-4000-8000-000000000001',
    null,
    'order',
    'Housekeeping order extra mattress protectors after leak exposure',
    'open',
    'low',
    'Laundry room',
    'Preventive stock top-up after the rooms 317 and 319 water-pressure incident.',
    '2026-04-10 03:35:00+02',
    '2026-04-10 03:35:00+02'
  ),
  (
    '10000000-0000-4000-8000-000000002019',
    '10000000-0000-4000-8000-000000000001',
    null,
    'task',
    'Front Office escort arriving family away from Elevator A work zone',
    'open',
    'medium',
    'Lobby',
    'Guest path needs active guidance until the lift vendor arrives.',
    '2026-04-10 02:50:00+02',
    '2026-04-10 02:50:00+02'
  ),
  (
    '10000000-0000-4000-8000-000000002020',
    '10000000-0000-4000-8000-000000000001',
    null,
    'task',
    'Housekeeping prepare recovery amenities for rooms 214, 317 and 508',
    'open',
    'medium',
    'Housekeeping office',
    'Duty Manager requested amenity kits before noon for the most exposed guest-impact rooms.',
    '2026-04-10 01:40:00+02',
    '2026-04-10 01:40:00+02'
  ),
  (
    '10000000-0000-4000-8000-000000002021',
    '10000000-0000-4000-8000-000000000001',
    null,
    'intervention',
    'Engineering verify condensate drainage in room 214 post-fix',
    'in_progress',
    'medium',
    'Room 214',
    'Follow-up on ticket 1001 to avoid repeat leak during the occupancy peak.',
    '2026-04-10 00:55:00+02',
    '2026-04-10 01:05:00+02'
  ),
  (
    '10000000-0000-4000-8000-000000002022',
    '10000000-0000-4000-8000-000000000001',
    null,
    'ticket',
    'Engineering monitor plant-room temperatures during occupancy peak',
    'open',
    'medium',
    'Plant room',
    'Preventive control while hot water and pressure issues remain active.',
    '2026-04-09 23:20:00+02',
    '2026-04-09 23:20:00+02'
  ),
  (
    '10000000-0000-4000-8000-000000002023',
    '10000000-0000-4000-8000-000000000001',
    null,
    'task',
    'Front Office confirm room readiness for OTA arrivals before 15:00 wave',
    'open',
    'high',
    'Reception',
    'Six arrivals are exposed to linen and water-pressure delays if no update lands before noon.',
    '2026-04-09 21:05:00+02',
    '2026-04-09 21:05:00+02'
  ),
  (
    '10000000-0000-4000-8000-000000002024',
    '10000000-0000-4000-8000-000000000001',
    null,
    'task',
    'Housekeeping rebalance attendants between departures and stayovers',
    'in_progress',
    'medium',
    'Operations office',
    'Occupancy is at 85 percent. Eighteen departures were still incomplete at shift handover.',
    '2026-04-09 18:30:00+02',
    '2026-04-09 19:05:00+02'
  ),
  (
    '10000000-0000-4000-8000-000000002025',
    '10000000-0000-4000-8000-000000000001',
    null,
    'task',
    'Engineering review blocked vendor interventions for morning stand-up',
    'open',
    'medium',
    'Engineering office',
    'Elevator A, linen top-up and fire-door supplier timing remain blocked externally.',
    '2026-04-09 16:55:00+02',
    '2026-04-09 16:55:00+02'
  )
on conflict do nothing;

insert into public.reviews (
  id,
  organization_id,
  review_source_id,
  external_review_id,
  guest_name,
  language_code,
  rating,
  title,
  body,
  reviewed_at,
  response_status,
  response_text,
  responded_at
)
values
  (
    '10000000-0000-4000-8000-000000001303',
    '10000000-0000-4000-8000-000000000001',
    '10000000-0000-4000-8000-000000001201',
    'BK-2026-00042',
    'Sophie W.',
    'en',
    2.0,
    'No water pressure before checkout',
    'The shower pressure in room 317 dropped badly during the morning and the update took too long to reach us.',
    '2026-04-10 08:10:00+02',
    'pending',
    null,
    null
  ),
  (
    '10000000-0000-4000-8000-000000001304',
    '10000000-0000-4000-8000-000000000001',
    '10000000-0000-4000-8000-000000001202',
    'GOOG-2026-00419',
    'Julien R.',
    'fr',
    3.0,
    'Ascenseur bloque plusieurs fois',
    'L ascenseur principal s est arrete plusieurs fois et la communication a ete trop lente pendant le rush du matin.',
    '2026-04-10 07:40:00+02',
    'pending',
    null,
    null
  ),
  (
    '10000000-0000-4000-8000-000000001305',
    '10000000-0000-4000-8000-000000000001',
    '10000000-0000-4000-8000-000000001201',
    'BK-2026-00043',
    'Mina K.',
    'en',
    2.0,
    'Room ready late because linen was missing',
    'Check-in on the fifth floor was delayed because the room had no linen ready even though the team kept apologizing.',
    '2026-04-10 06:55:00+02',
    'pending',
    null,
    null
  ),
  (
    '10000000-0000-4000-8000-000000001306',
    '10000000-0000-4000-8000-000000000001',
    '10000000-0000-4000-8000-000000001202',
    'GOOG-2026-00420',
    'Paolo S.',
    'en',
    3.0,
    'Helpful staff but hot water unstable',
    'Staff stayed calm, but room 508 had hot water swings at the busiest time of the morning.',
    '2026-04-10 05:50:00+02',
    'pending',
    null,
    null
  ),
  (
    '10000000-0000-4000-8000-000000001307',
    '10000000-0000-4000-8000-000000000001',
    '10000000-0000-4000-8000-000000001201',
    'BK-2026-00044',
    'Claire B.',
    'fr',
    5.0,
    'Equipe tres reactive',
    'Malgre une residence bien remplie, la reception a garde le rythme et la chambre etait tres propre.',
    '2026-04-10 04:35:00+02',
    'published',
    'Merci pour votre retour. Nous avons partage vos compliments avec la reception et l equipe housekeeping.',
    '2026-04-10 07:10:00+02'
  ),
  (
    '10000000-0000-4000-8000-000000001308',
    '10000000-0000-4000-8000-000000000001',
    '10000000-0000-4000-8000-000000001202',
    'GOOG-2026-00421',
    'Nina D.',
    'en',
    4.0,
    'Clean room and fast maintenance follow-up',
    'A minor AC concern was checked quickly and communication stayed clear during the evening.',
    '2026-04-10 03:10:00+02',
    'published',
    'Thank you. We are reinforcing the same follow-up standard across all live technical incidents.',
    '2026-04-10 06:00:00+02'
  ),
  (
    '10000000-0000-4000-8000-000000001309',
    '10000000-0000-4000-8000-000000000001',
    '10000000-0000-4000-8000-000000001201',
    'BK-2026-00045',
    'Ahmed H.',
    'en',
    5.0,
    'Smooth stay despite a busy residence',
    'The front desk stayed composed under pressure and engineering solved our request faster than expected.',
    '2026-04-10 01:25:00+02',
    'published',
    'Thank you for noticing the coordination across teams. We are glad the intervention timing supported your stay.',
    '2026-04-10 05:20:00+02'
  ),
  (
    '10000000-0000-4000-8000-000000001310',
    '10000000-0000-4000-8000-000000000001',
    '10000000-0000-4000-8000-000000001202',
    'GOOG-2026-00422',
    'Lucie M.',
    'fr',
    4.0,
    'Bonne gestion des arrivees',
    'Beaucoup d arrivees en meme temps mais l equipe a garde le controle et la chambre etait impeccable.',
    '2026-04-09 22:40:00+02',
    'published',
    'Merci. Nous continuons a ajuster nos flux d arrivee pour garder le meme niveau de clarte aux heures de pointe.',
    '2026-04-10 04:40:00+02'
  )
on conflict do nothing;

commit;
